{"cameraMode":{"drawMode":0,"name":"Shaded","section":"Shading Mode"},"sceneLighting":true,"audioPlay":false,"sceneViewState":{"showFog":true,"showMaterialUpdate":false,"showSkybox":true,"showFlares":true,"showImageEffects":true,"showParticleSystems":true},"in2DMode":false,"pivot":{"x":-468.07421875,"y":-11.789800643920899,"z":218.0091552734375},"rotation":{"x":0.1470697820186615,"y":0.3902931809425354,"z":-0.06330947577953339,"w":0.9066647887229919},"size":109.52021789550781,"orthographic":false}